cnn_dim,clinical_score,n_samples,pearson_r,r_squared,p_value,slope,intercept,std_err,abs_r
11,CDR,100,-0.6481878735179895,0.4201475193757731,3.0922371686115816e-13,-0.002136351729962165,0.4007612485642131,0.00025352312338607254,0.6481878735179895
3,延迟回忆,100,0.6453229499996869,0.41644170979629835,4.2430657703102333e-13,0.016611501764570522,6.073011503884525,0.0019863733044101295,0.6453229499996869
22,CDR_SOB,100,0.6413124495067631,0.4112816578923646,6.570636862140388e-13,0.010062374041846577,1.4715495695345417,0.001216106281911554,0.6413124495067631
19,CDR,100,-0.6376538095076749,0.40660238077965016,9.737598239197324e-13,-0.0019145452579358837,0.4293322770167758,0.00023363641863180214,0.6376538095076749
5,CDR_SOB,100,0.6361879180263266,0.40473506704267204,1.1383237319113976e-12,0.009914430252994662,1.2920197503069897,0.0012145753323617294,0.6361879180263266
22,MMSE,100,-0.6343427353669612,0.40239070591283854,1.3839295133435266e-12,-0.01996337317670285,25.851633350754206,0.0024575682534519103,0.6343427353669612
25,CDR_SOB,100,0.6294226623513205,0.3961728878814244,2.3152904776775164e-12,0.012805312088602657,1.4829726852678469,0.001596949043405233,0.6294226623513205
3,CDR,100,-0.6271138932959369,0.39327183516478775,2.93847385105923e-12,-0.0013307220007013369,0.4038184118586956,0.00016696481273783883,0.6271138932959369
0,长时延迟再认,100,-0.6191309560045186,0.38332314068306916,6.5997931292712774e-12,-0.031020217385810015,10.029290449691599,0.003974459777548105,0.6191309560045186
0,CDR,100,0.6172561105143747,0.38100510596733395,7.954716924125834e-12,0.0031657810426453962,0.32843523595831287,0.00040761107141109443,0.6172561105143747
19,即刻记忆,100,0.6163651180540779,0.3799059587538174,8.689114750557483e-12,0.03611198863922642,21.11226053049233,0.004660463312879337,0.6163651180540779
12,CDR,100,0.6150946206962462,0.378341392409459,9.850381500156844e-12,0.0013362005071179555,0.3147228123786733,0.00017301853928254079,0.6150946206962462
0,即刻记忆,100,-0.6146406117480084,0.37778308160996604,1.0300571862029738e-11,-0.06151335330369553,23.033325576307575,0.007974546964536122,0.6146406117480084
5,CDR,100,0.6144311982100907,0.3775256973338878,1.051484882518781e-11,0.001733359828862463,0.27118878884569,0.0002248345989858723,0.6144311982100907
12,连线测验B,100,0.6121202088105164,0.37469115003423026,1.3183876371917457e-11,0.25825375892297997,114.65906491624582,0.0337011083107657,0.6121202088105164
22,CDR,100,0.611035190490997,0.37336400401836894,1.4651862516105912e-11,0.0017355220361573891,0.30335005263294956,0.00022712165338773074,0.611035190490997
0,线索回忆,100,-0.6086408339645304,0.37044366476903906,1.8469570197975142e-11,-0.032876914417307966,8.60780284928799,0.004329464935115797,0.6086408339645304
3,线索回忆,100,0.6060690526027496,0.36731969652279445,2.3634127739491733e-11,0.013544953300714929,7.833987728447624,0.0017957030608135804,0.6060690526027496
19,延迟回忆,100,0.6055438528559525,0.3666833577316314,2.4847908614437566e-11,0.02205551229216041,5.8212939460958,0.0029279857746949047,0.6055438528559525
19,CDR_SOB,100,-0.6032880972391228,0.3639565282704013,3.077922749483397e-11,-0.010006272180084645,2.162361574801759,0.0013362198435071734,0.6032880972391228
11,CDR_SOB,100,-0.5926766794977011,0.3512656464204207,8.241228228072531e-11,-0.010790872732089849,2.0058881220206626,0.0014813549800042549,0.5926766794977011
29,CDR_SOB,100,0.5913742828792813,0.3497235424509842,9.277325697573252e-11,0.010019617298251373,1.5728521026742484,0.0013801448754439814,0.5913742828792813
11,MMSE,100,0.589651451775429,0.3476888345808711,1.0841898545648353e-10,0.02153343292369118,24.789145551487007,0.002979423699550898,0.589651451775429
28,CDR,100,-0.5894092098477705,0.3474032166533731,1.108128355981369e-10,-0.0030719654292027544,0.38810463293929,0.00042531317182357167,0.5894092098477705
3,即刻记忆,100,0.5887243971545776,0.3465964158050208,1.1785847489376866e-10,0.024377301136445442,21.61729694058019,0.0033810477710256247,0.5887243971545776
9,CDR_SOB,100,0.5876707040945004,0.34535685645092584,1.2954777472526082e-10,0.011689404528141675,1.6359255642201092,0.0016257270089878634,0.5876707040945004
0,延迟回忆,100,-0.5820219052796883,0.3387494982253985,2.1384932978022466e-10,-0.03621143020341878,6.981050001432764,0.005110652090110427,0.5820219052796883
11,线索回忆,100,0.5735832413320182,0.32899773473694427,4.442668837421104e-10,0.01991052894088658,7.900110299337829,0.0028723363812512776,0.5735832413320182
11,延迟回忆,100,0.5697827040655261,0.3246523298522229,6.133912536757467e-10,0.022780958258531415,6.185342968068555,0.00331904691673853,0.5697827040655261
11,MoCA总分,100,0.5677495273494916,0.32233952580557107,7.277050177433321e-10,0.02468030501401352,20.769103736427045,0.0036148208712965643,0.5677495273494916
22,MoCA总分,100,-0.567115552648527,0.32162005005584415,7.673521633458009e-10,-0.021245030247895973,21.93346848975737,0.0031168023315555943,0.567115552648527
0,CDR_SOB,100,0.5660615202458165,0.3204256447030049,8.378992206842489e-10,0.01603784405267135,1.6400929323788835,0.002359325196852498,0.5660615202458165
12,TMT B-A,100,0.565244850622519,0.31950174115527374,8.967986648725986e-10,0.17632098304649046,53.88535907714038,0.0259936852098431,0.565244850622519
25,CDR,100,0.564745172734341,0.31893711012674064,9.347745712951243e-10,0.002079856839342543,0.3085079766707957,0.000307016336995263,0.564745172734341
12,CDR_SOB,100,0.5642607550084668,0.318390199642725,9.730612296906246e-10,0.006771368136301526,1.5705520212519029,0.001000809582982495,0.5642607550084668
19,线索回忆,100,0.5635355996164078,0.31757237203502425,1.033200711088131e-09,0.01782036207721287,7.634663320203451,0.0026388240283515313,0.5635355996164078
3,CDR_SOB,100,-0.5626998628815375,0.3166311356869011,1.1069374101230317e-09,-0.006596060047767921,2.017197037146342,0.0009788639788704694,0.5626998628815375
9,CDR,100,0.5607957085117893,0.31449182668523973,1.294271916128463e-09,0.002019278177755899,0.3316570739852207,0.00030115130616335605,0.5607957085117893
28,CDR_SOB,100,-0.5594942643399691,0.3130338318293232,1.4394252596557676e-09,-0.01610875297185153,1.947374897217212,0.0024105765074316533,0.5594942643399691
22,Boston-初始命名,100,-0.557550540221552,0.31086260490134454,1.6856429714939595e-09,-0.018636082936762586,23.64830867917591,0.0028029171716568596,0.557550540221552
20,延迟回忆,100,0.5557777585359588,0.30888891688325454,1.9450368016573316e-09,0.017311361549080903,5.839085526556601,0.0026157182037370415,0.5557777585359588
19,长时延迟再认,100,0.5529022702645038,0.3057009204636424,2.448983344387346e-09,0.016217200777327714,9.132719311768806,0.0024688106218583323,0.5529022702645038
12,MMSE,100,-0.552642117568538,0.30541331011063777,2.5002971772153283e-09,-0.013302085292455324,25.65074149301174,0.002026403555404823,0.552642117568538
29,CDR,100,0.5468993147675746,0.29909886049324264,3.934072938399863e-09,0.0016773712774207123,0.32197346192381826,0.00025938040738414413,0.5468993147675746
9,MMSE,100,-0.5452640842761057,0.2973129216014601,4.469090769990151e-09,-0.02175426464738494,25.505346494702373,0.003378356380845582,0.5452640842761057
22,延迟回忆,100,-0.5432697624107896,0.29514203474987577,5.21622590479269e-09,-0.018718468576310092,7.230997865511164,0.002922083010851415,0.5432697624107896
19,MoCA总分,100,0.5428006655626285,0.2946325625352325,5.408597058743538e-09,0.021495271576913923,20.461582191727256,0.0033596747133598287,0.5428006655626285
9,线索回忆,100,-0.5406771052913497,0.29233173218623326,6.367722844532785e-09,-0.020504252402587655,8.567801113901382,0.00322261023800636,0.5406771052913497
12,MoCA总分,100,-0.5384425139689618,0.28992034084921564,7.551999836784218e-09,-0.01542733581378902,21.76275566011028,0.002438889298140688,0.5384425139689618
22,线索回忆,100,-0.5384361573400254,0.2899134955310926,7.55565167920647e-09,-0.01610692419540853,8.805753282819289,0.002546366957630288,0.5384361573400254
3,MMSE,100,0.5375097175432813,0.28891669645345797,8.106350116932563e-09,0.012637852426965189,24.78385701719644,0.00200278422696402,0.5375097175432813
22,长时延迟再认,100,-0.5334980686912887,0.28462018929733496,1.0966528616478675e-08,-0.014802790853837242,10.203184485869178,0.002370642431145544,0.5334980686912887
0,连线测验A,100,0.5304793225683904,0.28140831167261837,1.3731177453478955e-08,0.2290422695411222,61.26630915207049,0.03697219500732556,0.5304793225683904
11,长时延迟再认,100,0.5285950825523135,0.2794127612984871,1.5782257824871824e-08,0.01701930476689568,9.395274393132906,0.0027608889730473198,0.5285950825523135
9,延迟回忆,100,-0.5279204945805126,0.278700048598133,1.658539129263914e-08,-0.023059551921344606,6.943667725051619,0.0037473758659944873,0.5279204945805126
20,CDR,100,-0.524988287329426,0.275612701833084,2.0553235956801096e-08,-0.0013479966303135795,0.42080804654101245,0.00022075551786239375,0.524988287329426
0,连线测验B,100,0.5245409510846106,0.2751432093647479,2.1233145949029745e-08,0.5224865389222194,118.20049116351508,0.08566605637838387,0.5245409510846106
0,MMSE,100,-0.5243195586570709,0.27491099959034565,2.1577541369437747e-08,-0.02979597351464844,25.49708399308511,0.0048881456927113735,0.5243195586570709
23,CDR,100,0.5241867295452638,0.2747717274313595,2.17867238076898e-08,0.0018483393392916619,0.3065279054692575,0.00030333324442198377,0.5241867295452638
19,MMSE,100,0.5234242440499389,0.27397293925925004,2.302550057818517e-08,0.01741327897581199,24.56940520120009,0.0028634532010620617,0.5234242440499389
9,连线测验B,100,0.5221658599523925,0.2726571852998216,2.521838352046136e-08,0.3651574573218936,118.2845888948687,0.06024600303904804,0.5221658599523925
20,即刻记忆,100,0.5218508212317544,0.2723282796202565,2.579782570804474e-08,0.02614678148941337,21.24052026692673,0.004317442645727303,0.5218508212317544
0,MoCA总分,100,-0.5211853536866768,0.2716341728975064,2.706388809975831e-08,-0.035255718136519586,21.591520970373097,0.0058317527887538885,0.5211853536866768
9,MoCA总分,100,-0.51995819368052,0.2703565231755091,2.9555803896373914e-08,-0.024693450704991248,21.58660140147653,0.004097846356810179,0.51995819368052
11,即刻记忆,100,0.5162960762733128,0.2665616383752184,3.836209442295954e-08,0.033204989960210214,21.786454114105876,0.005563822950695666,0.5162960762733128
15,延迟回忆,100,0.511243387188682,0.2613698009441566,5.4701007963540926e-08,0.02151994509452389,6.135993166646219,0.0036543820371821487,0.511243387188682
23,CDR_SOB,100,0.508608567251714,0.25868267468184125,6.56695861656584e-08,0.00990709284190411,1.513389747377148,0.0016941489803988785,0.508608567251714
5,长时延迟再认,100,-0.508478656159026,0.258550543769289,6.626135180728379e-08,-0.014013126349149845,10.437982903724674,0.002397121503292013,0.508478656159026
22,即刻记忆,100,-0.5068631173987818,0.25691021977921125,7.405848651551235e-08,-0.028092298465023566,23.33697321976195,0.0048261874942356585,0.5068631173987818
5,线索回忆,100,-0.505116744901317,0.2551429259797021,8.346834368393302e-08,-0.01500796205527679,9.04895475762916,0.002590319844177583,0.505116744901317
5,MMSE,100,-0.5047948069593511,0.2548177971331285,8.532305465783525e-08,-0.015778887929939926,26.008454265751464,0.002725710406830857,0.5047948069593511
5,即刻记忆,100,-0.5040273375814994,0.25404355702949477,8.990424674973787e-08,-0.027746118362814307,23.841612717452623,0.004802770550612243,0.5040273375814994
15,CDR,100,-0.5037218280035657,0.2537356800072538,9.179234860070163e-08,-0.001747887009374065,0.39931186872231506,0.0003028000098502384,0.5037218280035657
12,延迟回忆,100,-0.5036152328526696,0.25362830276124865,9.24599723711958e-08,-0.013271482311791885,7.069704510246137,0.0022997737798266054,0.5036152328526696
3,MoCA总分,100,0.5034598851425091,0.25347185594770844,9.344123315818538e-08,0.014090541182418216,20.776022447575293,0.0024427153187913824,0.5034598851425091
12,线索回忆,100,-0.5010601769257306,0.25106130090084444,1.0991908720820518e-07,-0.011463944626905524,8.66845605056119,0.0020001118845215183,0.5010601769257306
28,MMSE,100,0.4997784873403309,0.2497785364081893,1.1981876457012725e-07,0.028861773190013484,24.935950953818878,0.005052742381016246,0.4997784873403309
25,MMSE,100,-0.49976216943997814,0.24976222600335343,1.1995011497233075e-07,-0.020393432901693827,25.70489009766101,0.0035703713236068992,0.49976216943997814
3,长时延迟再认,100,0.49898149829425464,0.24898253563997924,1.2639682512967208e-07,0.010343611475545387,9.379402469108571,0.0018146786799501807,0.49898149829425464
29,即刻记忆,100,-0.49843926797158244,0.24844170385604697,1.310672664285083e-07,-0.029830926790642875,23.09627655768405,0.005241104216433575,0.49843926797158244
9,即刻记忆,100,-0.49658980250752455,0.24660143195446224,1.4826479691213763e-07,-0.03489168486324948,22.9097455207034,0.006160606952653024,0.49658980250752455
29,MMSE,100,-0.49644733562610677,0.2464599570502603,1.496750848482648e-07,-0.016871008800183156,25.582471112483972,0.002979943278901188,0.49644733562610677
25,线索回忆,100,-0.49297192845830834,0.2430213222479035,1.8830874816027744e-07,-0.019121307863003825,8.753395481814954,0.0034089779306123546,0.49297192845830834
31,即刻记忆,100,0.49048307775326055,0.24057364956231103,2.2161980161030266e-07,0.07409127419797697,21.872485384062298,0.013297586639737005,0.49048307775326055
29,线索回忆,100,-0.48772325666765953,0.2378739750945077,2.6509149575308833e-07,-0.015754686905622133,8.637163741599409,0.002848634107810769,0.48772325666765953
9,连线测验A,100,0.4845159646332207,0.2347557199844604,3.257930128154607e-07,0.14686938074144576,61.48851682346341,0.02678614283984999,0.4845159646332207
5,延迟回忆,100,-0.48246961540625594,0.23277692979026052,3.7119297127341457e-07,-0.016511111401426498,7.465970799973337,0.0030279878530641365,0.48246961540625594
17,CDR_SOB,100,0.4821924727085504,0.23250958073678615,3.777850908231227e-07,0.007441868384515462,1.559237911484879,0.0013657933755226624,0.4821924727085504
25,即刻记忆,100,-0.48125244647682947,0.23160391723993362,4.009827474725299e-07,-0.03458490120765809,23.27623515337041,0.006363457126384534,0.48125244647682947
28,延迟回忆,100,0.4796649874192737,0.230078500155932,4.4325818304962156e-07,0.03032691937321862,6.342546702817241,0.005604030156801505,0.4796649874192737
15,即刻记忆,100,0.4785598837493475,0.229019562334189,4.751508719379142e-07,0.03240347207862909,21.691210877093,0.0060057036646048905,0.4785598837493475
0,数字广度逆向,100,-0.4762830435111242,0.22684553753621944,5.478579037268604e-07,-0.007665294378342213,4.686427650902939,0.0014294988608341756,0.4762830435111242
14,延迟回忆,100,-0.4736542819160197,0.2243483787773803,6.449245950043649e-07,-0.020805402776485057,7.093818635156543,0.003907823808339828,0.4736542819160197
28,长时延迟再认,100,0.4731749464673811,0.22389452996440898,6.642977090820813e-07,0.024091730141167073,9.499590868421443,0.004530994995922217,0.4731749464673811
17,CDR,100,0.4712014618902654,0.22203081768752325,7.500294203758312e-07,0.0013164407308301135,0.31741002079255837,0.00024892174724742733,0.4712014618902654
20,MoCA总分,100,0.4708601536777436,0.2217092843214283,7.658820655428068e-07,0.015946046229707096,20.52067481811464,0.0030179981264066395,0.4708601536777436
28,MoCA总分,100,0.46876832198979135,0.2197437397011247,8.702017832004685e-07,0.03222400738955186,20.94519072548568,0.006133761509634083,0.46876832198979135
14,长时延迟再认,100,-0.46734545398722477,0.21841177336252524,9.487093788609475e-07,-0.016531362642118054,10.096482386258785,0.003158977968016948,0.46734545398722477
23,MoCA总分,100,-0.4665940818435577,0.21771003721143264,9.928294500244485e-07,-0.021699853279577488,21.86777249891434,0.0041551663248296285,0.4665940818435577
31,延迟回忆,100,0.465805430334378,0.21697469892899507,1.0412262601287173e-06,0.04374271954390409,6.296753051551579,0.008394137767996836,0.465805430334378
20,长时延迟再认,100,0.4656662227719253,0.21684503103067237,1.0499977507143694e-06,0.011680482190638884,9.193094154171135,0.0022423161775489545,0.4656662227719253
28,线索回忆,100,0.46547559780312747,0.2166675321501789,1.0621226866811668e-06,0.02555117130319683,8.046238811212262,0.004907653828423008,0.46547559780312747
20,线索回忆,100,0.4616943025111078,0.21316162897121835,1.3318808317133118e-06,0.01248556489994394,7.716776921801348,0.0024231673503217017,0.4616943025111078
31,线索回忆,100,0.4592362752997885,0.21089795655122312,1.5407458318689587e-06,0.037442172199681795,8.00331240414351,0.007316079171605934,0.4592362752997885
20,CDR_SOB,100,-0.45911031280974407,0.21078227932826105,1.55224343653805e-06,-0.006512130832060323,2.0937618283400075,0.0012728916720873504,0.45911031280974407
28,即刻记忆,100,0.458759394268078,0.21046018182921383,1.584704301099608e-06,0.04665702580964624,21.993146698867836,0.009128639592338289,0.458759394268078
14,线索回忆,100,-0.4579798258677282,0.20974552090183463,1.6591297999835483e-06,-0.017465644859355492,8.677759567468792,0.0034245910919664157,0.4579798258677282
29,长时延迟再认,100,-0.4564823546607195,0.20837614011659492,1.811466283411905e-06,-0.013677057074406859,10.030063215348356,0.002692867994509423,0.4564823546607195
20,MMSE,100,0.45472893763184263,0.20677840671978423,2.0066493567174008e-06,0.012937126642719452,24.616406998870275,0.0025595844520780666,0.45472893763184263
11,Boston-初始命名,100,0.45398247468699515,0.2061000873229282,2.095637967133823e-06,0.017608299909817698,22.70403646021809,0.003490986569396749,0.45398247468699515
15,数字广度逆向,100,0.4506609963270964,0.20309533361053117,2.5388130998649917e-06,0.004907053558937135,4.499635059767744,0.0009818857852391947,0.4506609963270964
3,连线测验B,100,-0.4503305988761111,0.20279764828411687,2.5874411697787063e-06,-0.18558915839264273,129.52113528946808,0.037169985600789365,0.4503305988761111
15,MMSE,100,0.4502372623099169,0.20271359237232892,2.6013371093608164e-06,0.01731051799492469,24.81066773350787,0.003467869698830286,0.4502372623099169
15,线索回忆,100,0.4498848561734369,0.20239638381419398,2.6544416293301206e-06,0.01644138681952688,7.910215433380042,0.00329698971317261,0.4498848561734369
15,CDR_SOB,100,-0.44888017141789227,0.20149340829215634,2.8115176562042893e-06,-0.00860438594161722,1.9935219432142368,0.0017302771615560427,0.44888017141789227
15,长时延迟再认,100,0.44808307591845953,0.20077844292454797,2.9423423753953275e-06,0.015188957491668638,9.378383923137497,0.003061187861847347,0.44808307591845953
12,连线测验A,100,0.4480188261038313,0.20072086854345506,2.9531341600284438e-06,0.08193277587648946,60.773705839105446,0.016515723534136877,0.4480188261038313
5,MoCA总分,100,-0.4457122656045757,0.19865942371036385,3.3662728478648293e-06,-0.016584101242461492,22.089710540606724,0.0033645956870680064,0.4457122656045757
0,Boston-初始命名,100,-0.44453049495682495,0.19760736094655978,3.5985234824382474e-06,-0.026830175855693285,23.30751318511095,0.005461379933009484,0.44453049495682495
25,MoCA总分,100,-0.4441747508001796,0.19729120924840166,3.6713465900859833e-06,-0.0215752913511961,21.77414993983016,0.004396112253291447,0.4441747508001796
19,连线测验B,100,-0.44072635591625425,0.19423972079922083,4.453103238204871e-06,-0.25699811116946375,132.7167866442602,0.05287505088469289,0.44072635591625425
25,延迟回忆,100,-0.4374009880230874,0.19131962432357305,5.353609794110514e-06,-0.019541214254717987,7.103791307772409,0.004058328528662107,0.4374009880230874
22,连线测验A,100,0.4370375536947119,0.1910018233394582,5.461819239192868e-06,0.10449953744618952,60.13898407921402,0.021724827917698326,0.4370375536947119
3,数字广度逆向,100,0.4363240551859839,0.19037868113394152,5.680280131950859e-06,0.002905349031551532,4.514331798534411,0.0006052253167330334,0.4363240551859839
31,MMSE,100,0.43428993647910424,0.1886077489270244,6.3491683681046456e-06,0.03725084872874706,24.924726233205604,0.007804746406350214,0.43428993647910424
25,长时延迟再认,100,-0.43336357170590206,0.1878039852816965,6.677773651474335e-06,-0.015591222131954038,10.105999439270619,0.0032752552114870053,0.43336357170590206
23,线索回忆,100,-0.432826111351802,0.1873384426679225,6.87569873649959e-06,-0.01607398751537223,8.745017305879204,0.003381831725864613,0.432826111351802
11,连线测验B,100,-0.4326681452167387,0.18720172388529288,6.9349135425027925e-06,-0.27695359513192125,128.69423020123403,0.05829488290808771,0.4326681452167387
23,MMSE,100,-0.43227714090971636,0.18686352655307878,7.083556422879796e-06,-0.016889002507606065,25.688595529737924,0.0035588559767437975,0.43227714090971636
12,即刻记忆,100,-0.43161673571545434,0.18629300654966435,7.341446542410871e-06,-0.018296189641223835,23.039966843844297,0.003862632263157922,0.43161673571545434
31,长时延迟再认,100,0.4314188235386555,0.1861222013034776,7.42043685435694e-06,0.03262543369609151,9.478906807943597,0.006891658778225238,0.4314188235386555
9,长时延迟再认,100,-0.4284405026182662,0.18356126428379257,8.710082362236136e-06,-0.01507054063652315,9.931532627336368,0.003210606459638365,0.4284405026182662
31,MoCA总分,100,0.4270391073935437,0.18236239924347458,9.387309996612766e-06,0.04360134602536887,20.917797763881637,0.009326090762386764,0.4270391073935437
23,连线测验B,100,0.42701949419321483,0.18234564842102904,9.397130376561425e-06,0.2924311398848254,114.95002448400699,0.06255294392731715,0.42701949419321483
14,CDR,100,0.4267481032453966,0.18211394362354366,9.534012187248691e-06,0.0015452380299042952,0.3248090170525921,0.0003307936413833634,0.4267481032453966
29,延迟回忆,100,-0.4251376683719144,0.18074203706870787,1.038563010854997e-05,-0.015817661622949637,6.978591398385075,0.003401809519718613,0.4251376683719144
15,MoCA总分,100,0.4233332534512634,0.1792110434776316,1.1424590566498705e-05,0.019374337223686543,20.804250207573666,0.004188390682415502,0.4233332534512634
25,Boston-初始命名,100,-0.4232276314082831,0.17912162798746556,1.1488335838373073e-05,-0.01834262186207025,23.494117175266283,0.003966557625035201,0.4232276314082831
31,CDR,100,-0.42231413910086685,0.17834923208450632,1.2053764675262043e-05,-0.0032692338226027145,0.3841587598562551,0.0007088281497332477,0.42231413910086685
9,TMT B-A,100,0.4221831181820345,0.17823858527790573,1.2136975338962476e-05,0.21828807658044794,56.796072071405305,0.047346620538399595,0.4221831181820345
11,连线测验A,100,-0.4193154373930057,0.1758254360360877,1.4099173851306235e-05,-0.11634411174975133,65.76982700297117,0.025444863320379558,0.4193154373930057
14,MMSE,100,-0.41922252701425855,0.17574752715622075,1.4167473277885295e-05,-0.016819552815099385,25.58304557928583,0.0036794840524391947,0.41922252701425855
7,延迟回忆,100,0.4167624594559185,0.1736909476117461,1.6093019086509574e-05,0.0388317792624994,6.876161661246436,0.008555726940217947,0.4167624594559185
17,延迟回忆,100,-0.4167272504474765,0.1736616012655138,1.6122281473859356e-05,-0.014123341287746219,7.076923580148888,0.003112085231219071,0.4167272504474765
9,Boston-初始命名,100,-0.4158074981723335,0.17289587553633512,1.690461475351194e-05,-0.017619365749343092,23.287308362642708,0.0038928261565565176,0.4158074981723335
7,即刻记忆,100,0.4147147864487997,0.17198835409927354,1.7880339287972068e-05,0.06215699648570762,22.830031159536492,0.01377671534537289,0.4147147864487997
26,数字广度逆向,100,0.41458971831780417,0.1718846345348362,1.79953259706933e-05,0.007744673080479546,4.506302406952923,0.0017171844460011194,0.41458971831780417
23,延迟回忆,100,-0.4134332283064811,0.17092703426791891,1.9091948208037388e-05,-0.01768446537684643,7.13160811451363,0.0039343219476117245,0.4134332283064811
19,连线测验A,100,-0.4124238773584421,0.1700934546153713,2.0099952070390938e-05,-0.10424522745012543,67.32507868110733,0.023260226392956967,0.4124238773584421
14,CDR_SOB,100,0.41203368140600155,0.16977175461298238,2.050283216431524e-05,0.008241824903008252,1.612302108798572,0.001841095767330845,0.41203368140600155
26,MoCA总分,100,0.41137069043667107,0.16922584495034346,2.1204780271161663e-05,0.03229918416265382,20.80752885238067,0.0072291403756571445,0.41137069043667107
19,数字广度逆向,100,0.40934745008280987,0.1675653348892985,2.348868600639499e-05,0.003856745750730987,4.470333954674312,0.0008683423070400157,0.40934745008280987
22,连线测验B,100,0.4077914271887897,0.16629384808866995,2.539980790842894e-05,0.2249480494188241,116.06737058106626,0.05087888734760394,0.4077914271887897
7,CDR,100,-0.4071528369799466,0.16577343266081895,2.622549336644327e-05,-0.0031272693738096822,0.33937033704932973,0.0007086581675643973,0.4071528369799466
7,线索回忆,100,0.4057788422253395,0.16465646879773696,2.808798802117537e-05,0.03282552751694921,8.496540210614368,0.007468645300016197,0.4057788422253395
14,即刻记忆,100,-0.40541299984088863,0.16435970043998838,2.860437233052238e-05,-0.028645349999083653,23.072364233750267,0.006524588294871691,0.40541299984088863
31,CDR_SOB,100,-0.4047992641226767,0.16386244423426058,2.949065879597294e-05,-0.017310792571672926,1.9279221075498192,0.003950054297801719,0.4047992641226767
14,MoCA总分,100,-0.4041994612858393,0.1633772045037627,3.038159792465701e-05,-0.01930373759642938,21.679619972736017,0.004412629702653325,0.4041994612858393
21,延迟回忆,100,0.4019469500901365,0.16156135068676267,3.395729694120779e-05,0.014316264500943521,6.2180084414517705,0.00329445502429624,0.4019469500901365
28,连线测验B,100,-0.3993070556261762,0.15944612467284616,3.864781240476317e-05,-0.40419098312428614,127.10784083834137,0.09374527260073429,0.3993070556261762
0,TMT B-A,100,0.3984487565913221,0.15876141162917065,4.0298821495486524e-05,0.2934442693810974,56.93418201144459,0.06823382415123525,0.3984487565913221
29,MoCA总分,100,-0.39393922285158495,0.1551881113009107,5.0110458482335925e-05,-0.015935765603378314,21.601268853024468,0.0037558711078161666,0.39393922285158495
20,连线测验A,100,-0.3928879185249177,0.1543609165228424,5.269808351771362e-05,-0.08492578471743234,67.38099701697942,0.0200793837444374,0.3928879185249177
3,连线测验A,100,-0.3918983805953148,0.1535843407132302,5.52470724813388e-05,-0.07000774443968223,65.85523593773873,0.01660165648969735,0.3918983805953148
6,延迟回忆,100,0.39188205328082987,0.15357154368359918,5.529007903843674e-05,0.018710025396257726,6.096693877907212,0.0044371191610249995,0.39188205328082987
14,数字广度逆向,100,-0.39012694466511555,0.15219903295373813,6.009953301886975e-05,-0.004432798363909904,4.710951781288552,0.0010568319791436482,0.39012694466511555
3,Boston-初始命名,100,0.3881262488375627,0.15064198503671763,6.605645090766082e-05,0.009692156397899561,22.720853776657915,0.002324768730378166,0.3881262488375627
24,CDR,100,-0.38639633818004787,0.14930213015894991,7.164599336607846e-05,-0.0020872471527040464,0.376225352022834,0.0005032867652770032,0.38639633818004787
23,连线测验A,100,0.38608218772058334,0.14905945567511175,7.270714231879071e-05,0.11460594651455469,60.234472447489,0.027660750371804092,0.38608218772058334
26,延迟回忆,100,0.38307106403574415,0.1467434401014772,8.364731137119445e-05,0.027663462656171443,6.24959902077428,0.0067383563160442065,0.38307106403574415
3,TMT B-A,100,-0.3793232018689144,0.14388609147608517,9.94030847796643e-05,-0.11558141395296045,63.66589935172936,0.028479432681532534,0.3793232018689144
6,即刻记忆,100,0.37349639121024103,0.13949955424707342,0.00012945906051263728,0.028684495400190038,21.617715035968672,0.007196532921621681,0.37349639121024103
25,连线测验A,100,0.3733555111557984,0.13939433771040752,0.00013028058901538614,0.11575378039672621,60.68422758341582,0.029053715456392373,0.3733555111557984
28,Boston-初始命名,100,0.37327597763245646,0.13933495547746613,0.0001307465144414008,0.022894751383321983,22.830541723631455,0.005747909673818775,0.37327597763245646
12,长时延迟再认,100,-0.37014216738369426,0.13700522407549875,0.00015038422115541946,-0.007854980456758545,9.986166209343548,0.0019914416719053183,0.37014216738369426
5,连线测验B,100,0.3701145316946951,0.13698476657158346,0.00015056895847212148,0.20278313627636155,113.02011116417066,0.051415242871605926,0.3701145316946951
23,即刻记忆,100,-0.3686814370621717,0.13592600203422808,0.0001604421870862187,-0.025367614568579437,23.153880113567435,0.006460866824546854,0.3686814370621717
31,Boston-初始命名,100,0.3679922677640878,0.1354183091341561,0.00016540074437958172,0.03352397736932674,22.792266811540777,0.008556710224272623,0.3679922677640878
7,CDR_SOB,100,-0.3662349966672839,0.13412807278388544,0.00017869382409805442,-0.015539410709096924,1.697491144170232,0.003988306211972171,0.3662349966672839
17,MMSE,100,-0.36314730769812287,0.13187596708839514,0.00020447249338825083,-0.011241481637227215,25.563688586943403,0.002913523856035859,0.36314730769812287
20,连线测验B,100,-0.36267049708211746,0.13152988945379016,0.00020874692804728496,-0.1808554706988493,131.5683793550686,0.04694440327840535,0.36267049708211746
22,数字广度逆向,100,-0.36030374755426364,0.12981879050164655,0.00023121356173737636,-0.0032113003804890563,4.714821485261739,0.0008398543270909107,0.36030374755426364
19,Boston-初始命名,100,0.35701478076532817,0.12745955368491532,0.00026615595144625806,0.012614596375098127,22.583182023664435,0.0033340100788791234,0.35701478076532817
4,CDR,100,0.3565849360673553,0.12715281663015987,0.00027106654149026813,0.0024872700650156875,0.3338879055348305,0.0006582881239585988,0.3565849360673553
31,连线测验B,100,-0.35647042126701495,0.1270711612382831,0.00027238880077860075,-0.5359374323888292,127.37043367639937,0.141894961582389,0.35647042126701495
23,数字广度逆向,100,-0.35587862202397835,0.12664959361368566,0.0002793174405359178,-0.003937729026731108,4.723917728350957,0.001044540184121446,0.35587862202397835
19,TMT B-A,100,-0.3542999236100114,0.1255284358700599,0.00029860365645286243,-0.1527528837193383,65.39170796315288,0.04072660111734545,0.3542999236100114
20,数字广度逆向,100,0.3526103898313314,0.1243340870170035,0.00032059863791951643,0.0028410739558090395,4.481839325524794,0.0007616292567378928,0.3526103898313314
24,CDR_SOB,100,-0.3521332754008475,0.12399784364452911,0.00032707486321245345,-0.010507873073793094,1.8816836374229453,0.002821287220365723,0.3521332754008475
23,TMT B-A,100,0.3512043804968998,0.12334451688021116,0.00034003049071675847,0.17782519337027064,54.71555203651799,0.04788889370480222,0.3512043804968998
5,连线测验A,100,0.34989885338741367,0.12242920760182681,0.0003590391680302392,0.08309783125450178,59.29236179059716,0.022473732771485677,0.34989885338741367
6,CDR,100,-0.3473705324994113,0.12066628684892457,0.0003986613894478465,-0.0013671655454295989,0.39823864931689157,0.00037281377858400846,0.3473705324994113
15,连线测验B,100,-0.34689239460461047,0.12033433343452078,0.00040659221248152294,-0.23377474535593312,128.66784678914465,0.06384819104911091,0.34689239460461047
7,长时延迟再认,100,0.3462671714418502,0.11990095401833968,0.00041718165189988035,0.025981605705343545,9.891392900498847,0.00711061894479753,0.3462671714418502
28,TMT B-A,100,-0.34536213810313593,0.11927500643516953,0.00043295994061285395,-0.2584709929574285,62.22468558970977,0.0709486619955977,0.34536213810313593
12,Boston-初始命名,100,-0.3426838315705239,0.11743220841985519,0.000482922534501658,-0.0087605183042363,23.336850381965885,0.0024260356952468614,0.3426838315705239
21,数字广度逆向,100,0.3412025605812226,0.11641918734718289,0.0005127770439766771,0.0031436242333239064,4.521729040423878,0.0008748396267507575,0.3412025605812226
11,TMT B-A,100,-0.3393607802907929,0.11516573919957582,0.0005522573583995572,-0.16060948338216988,62.92440319826287,0.044970473738907925,0.3393607802907929
17,线索回忆,100,-0.33907605289779585,0.11497256964874886,0.0005586037189279694,-0.009977145132107491,8.602784302988056,0.0027962403513168187,0.33907605289779585
6,长时延迟再认,100,0.33891848608227554,0.11486574020830159,0.0005621444413651983,0.013030774528278485,9.355538491165127,0.003653982894946801,0.33891848608227554
23,长时延迟再认,100,-0.33763566376564386,0.11399784144646691,0.000591745976717269,-0.011630297949728861,10.056462238382554,0.003275268277778713,0.33763566376564386
31,数字广度逆向,100,0.33742609680679997,0.11385637080627195,0.0005967153646660998,0.008196666619827283,4.549428835245397,0.0023099236491561335,0.33742609680679997
13,数字广度逆向,100,0.33601704130061494,0.11290745204441917,0.000631133240509079,0.003255716242491837,4.436378421927426,0.000921842380513755,0.33601704130061494
19,CDT,100,0.3359109781349663,0.1128361852315898,0.0006337961484321783,0.0017659226012731004,2.176049861201165,0.0005001915369917061,0.3359109781349663
21,MoCA总分,100,0.3351795776497807,0.11234534927348536,0.0006524412309622709,0.012979846016522117,20.875534218472012,0.003685538646166155,0.3351795776497807
7,MoCA总分,100,0.3346217383062162,0.11197170774707385,0.0006669979440473711,0.03389876403731164,21.46362003170904,0.009643397669660294,0.3346217383062162
29,连线测验B,100,0.33385480741292495,0.1114590324327212,0.0006874963663932866,0.19886561040545456,118.90165363213178,0.05671889268984218,0.33385480741292495
28,连线测验A,100,-0.332114643692313,0.11030013655487204,0.0007361622344917486,-0.14571999016685744,64.8831552486316,0.04180611706381847,0.332114643692313
17,即刻记忆,100,-0.331975698899132,0.11020786465956714,0.0007401806803817843,-0.01809812775499244,23.005517347440858,0.005194677604408878,0.331975698899132
6,线索回忆,100,0.33172753581821823,0.11004315802002726,0.0007474077850150393,0.013750678945482332,7.895403275906692,0.003950154250330846,0.33172753581821823
25,连线测验B,100,0.3305914803624662,0.10929072688824688,0.0007813233370264562,0.23645734171757182,117.55591104264097,0.06818927840928074,0.3305914803624662
31,连线测验A,100,-0.3289691184072122,0.10822068086561841,0.0008321986070804028,-0.21438638159985726,65.13425777737703,0.062166687049552624,0.3289691184072122
8,延迟回忆,100,-0.3285895324893237,0.10797108086155233,0.0008445305418501187,-0.026261648567169473,6.557381314778111,0.007625085013822903,0.3285895324893237
14,CDT,100,-0.3261412921606834,0.10636814245224023,0.0009281609886598995,-0.00206774207501654,2.2870903994681338,0.0006054201355885345,0.3261412921606834
13,MoCA总分,100,0.3260156181036724,0.10628618324751958,0.0009326511510150379,0.013276918620790503,20.531965456695175,0.003889063959974639,0.3260156181036724
29,连线测验A,100,0.3256111822667815,0.1060226420171712,0.0009472359035573854,0.08407228202692585,61.64405474108012,0.024660606114769595,0.3256111822667815
20,CDT,100,0.3241524979607356,0.10507484193418469,0.0010015836123851208,0.0014573214388339784,2.174260317952563,0.00042962179167118205,0.3241524979607356
8,长时延迟再认,100,-0.32256321897572793,0.10404703023598341,0.0010640201358421413,-0.020760560550910332,9.670498195006973,0.006153947685491521,0.32256321897572793
22,CDT,100,-0.3205504935878582,0.10275261893941952,0.0011481739615455597,-0.001594142530332992,2.2920351159809482,0.0004758540395551949,0.3205504935878582
26,CDR,100,-0.320134182334169,0.10248589469876697,0.0011663187308793663,-0.0019057607097532575,0.3855172550824917,0.0005696969890039908,0.320134182334169
7,MMSE,100,0.31869616073834384,0.1015672428693603,0.0012310193955353025,0.027122561523678253,25.378919445596296,0.008148611687971067,0.31869616073834384
7,连线测验B,100,-0.317899788673792,0.1010602756388416,0.0012682384319833455,-0.47421828556768464,120.28172346640919,0.142869756732719,0.317899788673792
4,CDR_SOB,100,0.3167656562718839,0.10034048099335731,0.001323009576841779,0.012205762535601454,1.671860306272354,0.0036919250777336546,0.3167656562718839
6,MoCA总分,100,0.3157748739298482,0.09971377100541153,0.001372607010968236,0.01639183551725456,20.78153200239733,0.004975391762699702,0.3157748739298482
21,MMSE,100,0.31283051046145166,0.09786292827557241,0.001530124401122639,0.010177128372695443,24.914232738867348,0.0031213277709407064,0.31283051046145166
26,即刻记忆,100,0.31250861643122785,0.0976616353437603,0.001548303299616615,0.036302036630042556,21.9339325079156,0.011146555120921659,0.31250861643122785
6,数字广度逆向,100,0.31170984171684973,0.09716302542314352,0.0015942628178769477,0.003849699999620615,4.502326625145843,0.0011854084069432475,0.31170984171684973
13,延迟回忆,100,0.31034810609310415,0.09631594695557663,0.001675472213245508,0.011624572003387025,6.000082173837854,0.0035968567674357754,0.31034810609310415
24,MMSE,100,0.31001250501407784,0.09610775326510364,0.001696053381521248,0.01855522105110959,25.055759777645054,0.005748204533858784,0.31001250501407784
6,MMSE,100,0.3079326342916111,0.0948225072617711,0.0018287914967784777,0.013428573877050109,24.824412325905172,0.004191099881369953,0.3079326342916111
17,MoCA总分,100,-0.30737107147115933,0.09447697557732854,0.0018662067738890076,-0.011326078290439665,21.606425489271746,0.0035420385141869243,0.30737107147115933
26,线索回忆,100,0.3072595557948693,0.0944084346272604,0.0018737186122646083,0.019264431967907305,8.022058159752888,0.006027038367309192,0.3072595557948693
26,长时延迟再认,100,0.306992907609574,0.09424464532258042,0.001891791362532941,0.017853012319341117,9.480956416504947,0.00559082089645944,0.306992907609574
26,MMSE,100,0.30637929083904414,0.0938682698550356,0.0019339809570842585,0.020208857991252382,24.929412731803353,0.006342566025301319,0.30637929083904414
13,即刻记忆,100,0.3046811911951771,0.09283062826811207,0.0020552052181104213,0.018357575359783856,21.44102303574453,0.0057969669783036176,0.3046811911951771
21,CDR,100,-0.3042564515816592,0.09257198832906254,0.002086580357423682,-0.0008933258482545018,0.3850840189497462,0.0002825290813528644,0.3042564515816592
23,Boston-初始命名,100,-0.3026390417766365,0.09159038960748071,0.0022100555490080598,-0.012558192099335862,23.403306034122636,0.0039951214945938935,0.3026390417766365
26,CDT,100,0.3011391187043078,0.0906847688140072,0.002330413389897221,0.003138847994970115,2.19797227608749,0.0010040314217451142,0.3011391187043078
15,TMT B-A,100,-0.3001119528289864,0.09006718423082775,0.0024162121272330163,-0.14953524178125943,63.22320927081532,0.04801223138775589,0.3001119528289864
